{
  "$schema": "https://developer.microsoft.com/json-schemas/spfx/client-side-web-part-manifest.schema.json",
  "id": "d16d9dac-fdfc-432a-920b-ab1b8b245693",
  "alias": "MyShiftsWebPart",
  "componentType": "WebPart",

  
  "version": "*",
  "manifestVersion": 2,

  
  "requiresCustomScript": false,
  "supportedHosts": ["SharePointWebPart", "TeamsPersonalApp", "TeamsTab", "SharePointFullPage"],
  "supportsThemeVariants": true,

  "preconfiguredEntries": [{
    "groupId": "5c03119e-3074-46fd-976b-c60198311f70", 
    "group": { "default": "Advanced" },
    "title": { "default": "MyShifts" },
    "description": { "default": "MyShifts description" },
    "officeFabricIconFontName": "Page",
    "properties": {
      "description": "MyShifts"
    }
  }]
}
